"refStructureName","companyName","fieldName","sectorName","plantRow","value","timestamp","detectedValueTypeDescription"
"AGRISOL","AZ. AGR. ANCARANI BIAGIO","Fondo Ancarani 2024","T1","T1 alto",4.396149,1727560800,"Media Pot. Idr. Ottimale"
"AGRISOL","AZ. AGR. ANCARANI BIAGIO","Fondo Ancarani 2024","T1","T1 alto",4.396149,1727474400,"Media Pot. Idr. Ottimale"
"AGRISOL","AZ. AGR. ANCARANI BIAGIO","Fondo Ancarani 2024","T1","T1 alto",4.396149,1727388000,"Media Pot. Idr. Ottimale"
"AGRISOL","AZ. AGR. ANCARANI BIAGIO","Fondo Ancarani 2024","T1","T1 alto",3.10173103638738,1727301600,"Media Pot. Idr. Giornaliera"
"AGRISOL","AZ. AGR. ANCARANI BIAGIO","Fondo Ancarani 2024","T1","T1 alto",4.396149,1727301600,"Media Pot. Idr. Ottimale"
"AGRISOL","AZ. AGR. ANCARANI BIAGIO","Fondo Ancarani 2024","T1","T1 alto",4.396149,1727215200,"Media Pot. Idr. Ottimale"
"AGRISOL","AZ. AGR. ANCARANI BIAGIO","Fondo Ancarani 2024","T1","T1 alto",3.1061923367631,1727215200,"Media Pot. Idr. Giornaliera"
"AGRISOL","AZ. AGR. ANCARANI BIAGIO","Fondo Ancarani 2024","T1","T1 alto",3.1068821964981,1727128800,"Media Pot. Idr. Giornaliera"
"AGRISOL","AZ. AGR. ANCARANI BIAGIO","Fondo Ancarani 2024","T1","T1 alto",4.396149,1727128800,"Media Pot. Idr. Ottimale"
"AGRISOL","AZ. AGR. ANCARANI BIAGIO","Fondo Ancarani 2024","T1","T1 alto",4.396149,1727042400,"Media Pot. Idr. Ottimale"
"AGRISOL","AZ. AGR. ANCARANI BIAGIO","Fondo Ancarani 2024","T1","T1 alto",3.11212948689857,1727042400,"Media Pot. Idr. Giornaliera"
"AGRISOL","AZ. AGR. ANCARANI BIAGIO","Fondo Ancarani 2024","T1","T1 alto",4.396149,1726956000,"Media Pot. Idr. Ottimale"
"AGRISOL","AZ. AGR. ANCARANI BIAGIO","Fondo Ancarani 2024","T1","T1 alto",3.1121190564267,1726956000,"Media Pot. Idr. Giornaliera"
"AGRISOL","AZ. AGR. ANCARANI BIAGIO","Fondo Ancarani 2024","T1","T1 alto",3.11504316742245,1726869600,"Media Pot. Idr. Giornaliera"
"AGRISOL","AZ. AGR. ANCARANI BIAGIO","Fondo Ancarani 2024","T1","T1 alto",4.396149,1726869600,"Media Pot. Idr. Ottimale"
"AGRISOL","AZ. AGR. ANCARANI BIAGIO","Fondo Ancarani 2024","T1","T1 alto",4.396149,1726783200,"Media Pot. Idr. Ottimale"
"AGRISOL","AZ. AGR. ANCARANI BIAGIO","Fondo Ancarani 2024","T1","T1 alto",3.11267484755206,1726783200,"Media Pot. Idr. Giornaliera"
"AGRISOL","AZ. AGR. ANCARANI BIAGIO","Fondo Ancarani 2024","T1","T1 alto",3.1011112102453,1726696800,"Media Pot. Idr. Giornaliera"
"AGRISOL","AZ. AGR. ANCARANI BIAGIO","Fondo Ancarani 2024","T1","T1 alto",4.396149,1726696800,"Media Pot. Idr. Ottimale"
"AGRISOL","AZ. AGR. ANCARANI BIAGIO","Fondo Ancarani 2024","T1","T1 alto",3.07752180630114,1726610400,"Media Pot. Idr. Giornaliera"
"AGRISOL","AZ. AGR. ANCARANI BIAGIO","Fondo Ancarani 2024","T1","T1 alto",4.396149,1726610400,"Media Pot. Idr. Ottimale"
"AGRISOL","AZ. AGR. ANCARANI BIAGIO","Fondo Ancarani 2024","T1","T1 alto",4.396149,1726524000,"Media Pot. Idr. Ottimale"
"AGRISOL","AZ. AGR. ANCARANI BIAGIO","Fondo Ancarani 2024","T1","T1 alto",3.29807433455108,1726524000,"Media Pot. Idr. Giornaliera"
"AGRISOL","AZ. AGR. ANCARANI BIAGIO","Fondo Ancarani 2024","T1","T1 alto",4.396149,1726437600,"Media Pot. Idr. Ottimale"
"AGRISOL","AZ. AGR. ANCARANI BIAGIO","Fondo Ancarani 2024","T1","T1 alto",3.17653249596138,1726437600,"Media Pot. Idr. Giornaliera"
"AGRISOL","AZ. AGR. ANCARANI BIAGIO","Fondo Ancarani 2024","T1","T1 alto",4.396149,1726351200,"Media Pot. Idr. Ottimale"
"AGRISOL","AZ. AGR. ANCARANI BIAGIO","Fondo Ancarani 2024","T1","T1 alto",3.11446505726767,1726351200,"Media Pot. Idr. Giornaliera"
"AGRISOL","AZ. AGR. ANCARANI BIAGIO","Fondo Ancarani 2024","T1","T1 alto",4.396149,1726264800,"Media Pot. Idr. Ottimale"
"AGRISOL","AZ. AGR. ANCARANI BIAGIO","Fondo Ancarani 2024","T1","T1 alto",3.09897876105444,1726264800,"Media Pot. Idr. Giornaliera"
"AGRISOL","AZ. AGR. ANCARANI BIAGIO","Fondo Ancarani 2024","T1","T1 alto",3.12268877985841,1726178400,"Media Pot. Idr. Giornaliera"
"AGRISOL","AZ. AGR. ANCARANI BIAGIO","Fondo Ancarani 2024","T1","T1 alto",4.396149,1726178400,"Media Pot. Idr. Ottimale"
"AGRISOL","AZ. AGR. ANCARANI BIAGIO","Fondo Ancarani 2024","T1","T1 alto",3.17897886671612,1726092000,"Media Pot. Idr. Giornaliera"
"AGRISOL","AZ. AGR. ANCARANI BIAGIO","Fondo Ancarani 2024","T1","T1 alto",4.396149,1726092000,"Media Pot. Idr. Ottimale"
"AGRISOL","AZ. AGR. ANCARANI BIAGIO","Fondo Ancarani 2024","T1","T1 alto",3.18785190162878,1726005600,"Media Pot. Idr. Giornaliera"
"AGRISOL","AZ. AGR. ANCARANI BIAGIO","Fondo Ancarani 2024","T1","T1 alto",4.396149,1726005600,"Media Pot. Idr. Ottimale"
"AGRISOL","AZ. AGR. ANCARANI BIAGIO","Fondo Ancarani 2024","T1","T1 alto",4.396149,1725919200,"Media Pot. Idr. Ottimale"
"AGRISOL","AZ. AGR. ANCARANI BIAGIO","Fondo Ancarani 2024","T1","T1 alto",3.527322573297,1725832800,"Media Pot. Idr. Giornaliera"
"AGRISOL","AZ. AGR. ANCARANI BIAGIO","Fondo Ancarani 2024","T1","T1 alto",4.396149,1725832800,"Media Pot. Idr. Ottimale"
"AGRISOL","AZ. AGR. ANCARANI BIAGIO","Fondo Ancarani 2024","T1","T1 alto",4.50191618305957,1725746400,"Media Pot. Idr. Giornaliera"
"AGRISOL","AZ. AGR. ANCARANI BIAGIO","Fondo Ancarani 2024","T1","T1 alto",4.396149,1725746400,"Media Pot. Idr. Ottimale"
"AGRISOL","AZ. AGR. ANCARANI BIAGIO","Fondo Ancarani 2024","T1","T1 alto",4.396149,1725660000,"Media Pot. Idr. Ottimale"
"AGRISOL","AZ. AGR. ANCARANI BIAGIO","Fondo Ancarani 2024","T1","T1 alto",4.50650852666574,1725660000,"Media Pot. Idr. Giornaliera"
"AGRISOL","AZ. AGR. ANCARANI BIAGIO","Fondo Ancarani 2024","T1","T1 alto",4.396149,1725573600,"Media Pot. Idr. Ottimale"
"AGRISOL","AZ. AGR. ANCARANI BIAGIO","Fondo Ancarani 2024","T1","T1 alto",4.32870024770235,1725573600,"Media Pot. Idr. Giornaliera"
"AGRISOL","AZ. AGR. ANCARANI BIAGIO","Fondo Ancarani 2024","T1","T1 alto",4.396149,1725487200,"Media Pot. Idr. Ottimale"
"AGRISOL","AZ. AGR. ANCARANI BIAGIO","Fondo Ancarani 2024","T1","T1 alto",4.43087389222197,1725487200,"Media Pot. Idr. Giornaliera"
"AGRISOL","AZ. AGR. ANCARANI BIAGIO","Fondo Ancarani 2024","T1","T1 alto",4.20567431815569,1725400800,"Media Pot. Idr. Giornaliera"
"AGRISOL","AZ. AGR. ANCARANI BIAGIO","Fondo Ancarani 2024","T1","T1 alto",4.396149,1725400800,"Media Pot. Idr. Ottimale"
"AGRISOL","AZ. AGR. ANCARANI BIAGIO","Fondo Ancarani 2024","T1","T1 alto",4.396149,1725314400,"Media Pot. Idr. Ottimale"
"AGRISOL","AZ. AGR. ANCARANI BIAGIO","Fondo Ancarani 2024","T1","T1 alto",4.20814947601139,1725314400,"Media Pot. Idr. Giornaliera"
"AGRISOL","AZ. AGR. ANCARANI BIAGIO","Fondo Ancarani 2024","T1","T1 alto",4.45889784952649,1725228000,"Media Pot. Idr. Giornaliera"
"AGRISOL","AZ. AGR. ANCARANI BIAGIO","Fondo Ancarani 2024","T1","T1 alto",4.396149,1725228000,"Media Pot. Idr. Ottimale"
"AGRISOL","AZ. AGR. ANCARANI BIAGIO","Fondo Ancarani 2024","T1","T1 alto",4.396149,1725141600,"Media Pot. Idr. Ottimale"
"AGRISOL","AZ. AGR. ANCARANI BIAGIO","Fondo Ancarani 2024","T1","T1 alto",4.45349834854987,1725141600,"Media Pot. Idr. Giornaliera"
"AGRISOL","AZ. AGR. ANCARANI BIAGIO","Fondo Ancarani 2024","T1","T1 alto",4.396149,1725055200,"Media Pot. Idr. Ottimale"
"AGRISOL","AZ. AGR. ANCARANI BIAGIO","Fondo Ancarani 2024","T1","T1 alto",4.92510651865282,1725055200,"Media Pot. Idr. Giornaliera"
"AGRISOL","AZ. AGR. ANCARANI BIAGIO","Fondo Ancarani 2024","T1","T1 alto",4.396149,1724968800,"Media Pot. Idr. Ottimale"
"AGRISOL","AZ. AGR. ANCARANI BIAGIO","Fondo Ancarani 2024","T1","T1 alto",4.030890028285,1724968800,"Media Pot. Idr. Giornaliera"
"AGRISOL","AZ. AGR. ANCARANI BIAGIO","Fondo Ancarani 2024","T1","T1 alto",4.396149,1724882400,"Media Pot. Idr. Ottimale"
"AGRISOL","AZ. AGR. ANCARANI BIAGIO","Fondo Ancarani 2024","T1","T1 alto",3.97651364665053,1724882400,"Media Pot. Idr. Giornaliera"
"AGRISOL","AZ. AGR. ANCARANI BIAGIO","Fondo Ancarani 2024","T1","T1 alto",4.396149,1724796000,"Media Pot. Idr. Ottimale"
"AGRISOL","AZ. AGR. ANCARANI BIAGIO","Fondo Ancarani 2024","T1","T1 alto",4.00105836757085,1724796000,"Media Pot. Idr. Giornaliera"
"AGRISOL","AZ. AGR. ANCARANI BIAGIO","Fondo Ancarani 2024","T1","T1 alto",4.94628097686823,1724709600,"Media Pot. Idr. Giornaliera"
"AGRISOL","AZ. AGR. ANCARANI BIAGIO","Fondo Ancarani 2024","T1","T1 alto",4.396149,1724709600,"Media Pot. Idr. Ottimale"
"AGRISOL","AZ. AGR. ANCARANI BIAGIO","Fondo Ancarani 2024","T1","T1 alto",4.396149,1724623200,"Media Pot. Idr. Ottimale"
"AGRISOL","AZ. AGR. ANCARANI BIAGIO","Fondo Ancarani 2024","T1","T1 alto",4.50596303581865,1724623200,"Media Pot. Idr. Giornaliera"
"AGRISOL","AZ. AGR. ANCARANI BIAGIO","Fondo Ancarani 2024","T1","T1 alto",4.02508813527261,1724536800,"Media Pot. Idr. Giornaliera"
"AGRISOL","AZ. AGR. ANCARANI BIAGIO","Fondo Ancarani 2024","T1","T1 alto",4.396149,1724536800,"Media Pot. Idr. Ottimale"
"AGRISOL","AZ. AGR. ANCARANI BIAGIO","Fondo Ancarani 2024","T1","T1 alto",4.396149,1724450400,"Media Pot. Idr. Ottimale"
"AGRISOL","AZ. AGR. ANCARANI BIAGIO","Fondo Ancarani 2024","T1","T1 alto",4.48778332381977,1724450400,"Media Pot. Idr. Giornaliera"
"AGRISOL","AZ. AGR. ANCARANI BIAGIO","Fondo Ancarani 2024","T1","T1 alto",4.23859610913943,1724364000,"Media Pot. Idr. Giornaliera"
"AGRISOL","AZ. AGR. ANCARANI BIAGIO","Fondo Ancarani 2024","T1","T1 alto",4.396149,1724364000,"Media Pot. Idr. Ottimale"
"AGRISOL","AZ. AGR. ANCARANI BIAGIO","Fondo Ancarani 2024","T1","T1 alto",3.95383682269629,1724277600,"Media Pot. Idr. Giornaliera"
"AGRISOL","AZ. AGR. ANCARANI BIAGIO","Fondo Ancarani 2024","T1","T1 alto",4.396149,1724277600,"Media Pot. Idr. Ottimale"
"AGRISOL","AZ. AGR. ANCARANI BIAGIO","Fondo Ancarani 2024","T1","T1 alto",4.396149,1724191200,"Media Pot. Idr. Ottimale"
"AGRISOL","AZ. AGR. ANCARANI BIAGIO","Fondo Ancarani 2024","T1","T1 alto",3.90530674928517,1724191200,"Media Pot. Idr. Giornaliera"
"AGRISOL","AZ. AGR. ANCARANI BIAGIO","Fondo Ancarani 2024","T1","T1 alto",4.396149,1724104800,"Media Pot. Idr. Ottimale"
"AGRISOL","AZ. AGR. ANCARANI BIAGIO","Fondo Ancarani 2024","T1","T1 alto",3.91067660012336,1724104800,"Media Pot. Idr. Giornaliera"
"AGRISOL","AZ. AGR. ANCARANI BIAGIO","Fondo Ancarani 2024","T1","T1 alto",4.396149,1724018400,"Media Pot. Idr. Ottimale"
"AGRISOL","AZ. AGR. ANCARANI BIAGIO","Fondo Ancarani 2024","T1","T1 alto",4.396149,1723932000,"Media Pot. Idr. Ottimale"
"AGRISOL","AZ. AGR. ANCARANI BIAGIO","Fondo Ancarani 2024","T1","T1 alto",4.28549305999818,1723932000,"Media Pot. Idr. Giornaliera"
"AGRISOL","AZ. AGR. ANCARANI BIAGIO","Fondo Ancarani 2024","T1","T1 alto",4.396149,1723845600,"Media Pot. Idr. Ottimale"
"AGRISOL","AZ. AGR. ANCARANI BIAGIO","Fondo Ancarani 2024","T1","T1 alto",4.23942535996089,1723845600,"Media Pot. Idr. Giornaliera"
"AGRISOL","AZ. AGR. ANCARANI BIAGIO","Fondo Ancarani 2024","T1","T1 alto",4.396149,1723759200,"Media Pot. Idr. Ottimale"
"AGRISOL","AZ. AGR. ANCARANI BIAGIO","Fondo Ancarani 2024","T1","T1 alto",4.2524120534635,1723759200,"Media Pot. Idr. Giornaliera"
"AGRISOL","AZ. AGR. ANCARANI BIAGIO","Fondo Ancarani 2024","T1","T1 alto",4.29731742678445,1723672800,"Media Pot. Idr. Giornaliera"
"AGRISOL","AZ. AGR. ANCARANI BIAGIO","Fondo Ancarani 2024","T1","T1 alto",4.396149,1723672800,"Media Pot. Idr. Ottimale"
"AGRISOL","AZ. AGR. ANCARANI BIAGIO","Fondo Ancarani 2024","T1","T1 alto",4.396149,1723586400,"Media Pot. Idr. Ottimale"
"AGRISOL","AZ. AGR. ANCARANI BIAGIO","Fondo Ancarani 2024","T1","T1 alto",4.64120810612003,1723586400,"Media Pot. Idr. Giornaliera"
"AGRISOL","AZ. AGR. ANCARANI BIAGIO","Fondo Ancarani 2024","T1","T1 alto",4.396149,1723500000,"Media Pot. Idr. Ottimale"
"AGRISOL","AZ. AGR. ANCARANI BIAGIO","Fondo Ancarani 2024","T1","T1 alto",4.50992642297718,1723500000,"Media Pot. Idr. Giornaliera"
"AGRISOL","AZ. AGR. ANCARANI BIAGIO","Fondo Ancarani 2024","T1","T1 alto",4.76809511692842,1723413600,"Media Pot. Idr. Giornaliera"
"AGRISOL","AZ. AGR. ANCARANI BIAGIO","Fondo Ancarani 2024","T1","T1 alto",4.396149,1723413600,"Media Pot. Idr. Ottimale"
"AGRISOL","AZ. AGR. ANCARANI BIAGIO","Fondo Ancarani 2024","T1","T1 alto",4.396149,1723327200,"Media Pot. Idr. Ottimale"
"AGRISOL","AZ. AGR. ANCARANI BIAGIO","Fondo Ancarani 2024","T1","T1 alto",4.34165715878873,1723327200,"Media Pot. Idr. Giornaliera"
"AGRISOL","AZ. AGR. ANCARANI BIAGIO","Fondo Ancarani 2024","T1","T1 alto",4.396149,1723240800,"Media Pot. Idr. Ottimale"
"AGRISOL","AZ. AGR. ANCARANI BIAGIO","Fondo Ancarani 2024","T1","T1 alto",3.90526144306493,1723240800,"Media Pot. Idr. Giornaliera"
"AGRISOL","AZ. AGR. ANCARANI BIAGIO","Fondo Ancarani 2024","T1","T1 alto",4.396149,1723154400,"Media Pot. Idr. Ottimale"
"AGRISOL","AZ. AGR. ANCARANI BIAGIO","Fondo Ancarani 2024","T1","T1 alto",3.84896287955637,1723154400,"Media Pot. Idr. Giornaliera"
"AGRISOL","AZ. AGR. ANCARANI BIAGIO","Fondo Ancarani 2024","T1","T1 alto",3.88598855305213,1723068000,"Media Pot. Idr. Giornaliera"
"AGRISOL","AZ. AGR. ANCARANI BIAGIO","Fondo Ancarani 2024","T1","T1 alto",4.396149,1723068000,"Media Pot. Idr. Ottimale"
"AGRISOL","AZ. AGR. ANCARANI BIAGIO","Fondo Ancarani 2024","T1","T1 alto",4.65502608936922,1722981600,"Media Pot. Idr. Giornaliera"
"AGRISOL","AZ. AGR. ANCARANI BIAGIO","Fondo Ancarani 2024","T1","T1 alto",4.396149,1722981600,"Media Pot. Idr. Ottimale"
"AGRISOL","AZ. AGR. ANCARANI BIAGIO","Fondo Ancarani 2024","T1","T1 alto",4.396149,1722895200,"Media Pot. Idr. Ottimale"
"AGRISOL","AZ. AGR. ANCARANI BIAGIO","Fondo Ancarani 2024","T1","T1 alto",4.65078144289469,1722895200,"Media Pot. Idr. Giornaliera"
"AGRISOL","AZ. AGR. ANCARANI BIAGIO","Fondo Ancarani 2024","T1","T1 alto",4.396149,1722808800,"Media Pot. Idr. Ottimale"
"AGRISOL","AZ. AGR. ANCARANI BIAGIO","Fondo Ancarani 2024","T1","T1 alto",4.56979467665741,1722808800,"Media Pot. Idr. Giornaliera"
"AGRISOL","AZ. AGR. ANCARANI BIAGIO","Fondo Ancarani 2024","T1","T1 alto",4.396149,1722722400,"Media Pot. Idr. Ottimale"
"AGRISOL","AZ. AGR. ANCARANI BIAGIO","Fondo Ancarani 2024","T1","T1 alto",4.45706364856051,1722722400,"Media Pot. Idr. Giornaliera"
"AGRISOL","AZ. AGR. ANCARANI BIAGIO","Fondo Ancarani 2024","T1","T1 alto",4.396149,1722636000,"Media Pot. Idr. Ottimale"
"AGRISOL","AZ. AGR. ANCARANI BIAGIO","Fondo Ancarani 2024","T1","T1 alto",4.43176586847872,1722636000,"Media Pot. Idr. Giornaliera"
"AGRISOL","AZ. AGR. ANCARANI BIAGIO","Fondo Ancarani 2024","T1","T1 alto",4.56622364530491,1722549600,"Media Pot. Idr. Giornaliera"
"AGRISOL","AZ. AGR. ANCARANI BIAGIO","Fondo Ancarani 2024","T1","T1 alto",4.396149,1722549600,"Media Pot. Idr. Ottimale"
"AGRISOL","AZ. AGR. ANCARANI BIAGIO","Fondo Ancarani 2024","T1","T1 alto",4.396149,1722463200,"Media Pot. Idr. Ottimale"
"AGRISOL","AZ. AGR. ANCARANI BIAGIO","Fondo Ancarani 2024","T1","T1 alto",4.26121573983248,1722463200,"Media Pot. Idr. Giornaliera"
"AGRISOL","AZ. AGR. ANCARANI BIAGIO","Fondo Ancarani 2024","T1","T1 alto",4.396149,1722376800,"Media Pot. Idr. Ottimale"
"AGRISOL","AZ. AGR. ANCARANI BIAGIO","Fondo Ancarani 2024","T1","T1 alto",4.19872203827042,1722376800,"Media Pot. Idr. Giornaliera"
"AGRISOL","AZ. AGR. ANCARANI BIAGIO","Fondo Ancarani 2024","T1","T1 alto",4.396149,1722290400,"Media Pot. Idr. Ottimale"
"AGRISOL","AZ. AGR. ANCARANI BIAGIO","Fondo Ancarani 2024","T1","T1 alto",4.20970632333464,1722290400,"Media Pot. Idr. Giornaliera"
"AGRISOL","AZ. AGR. ANCARANI BIAGIO","Fondo Ancarani 2024","T1","T1 alto",4.4244481329761,1722204000,"Media Pot. Idr. Giornaliera"
"AGRISOL","AZ. AGR. ANCARANI BIAGIO","Fondo Ancarani 2024","T1","T1 alto",4.396149,1722204000,"Media Pot. Idr. Ottimale"
"AGRISOL","AZ. AGR. ANCARANI BIAGIO","Fondo Ancarani 2024","T1","T1 alto",4.5189290148474,1722117600,"Media Pot. Idr. Giornaliera"
"AGRISOL","AZ. AGR. ANCARANI BIAGIO","Fondo Ancarani 2024","T1","T1 alto",4.396149,1722117600,"Media Pot. Idr. Ottimale"
"AGRISOL","AZ. AGR. ANCARANI BIAGIO","Fondo Ancarani 2024","T1","T1 alto",4.396149,1722031200,"Media Pot. Idr. Ottimale"
"AGRISOL","AZ. AGR. ANCARANI BIAGIO","Fondo Ancarani 2024","T1","T1 alto",4.49648265945626,1722031200,"Media Pot. Idr. Giornaliera"
"AGRISOL","AZ. AGR. ANCARANI BIAGIO","Fondo Ancarani 2024","T1","T1 alto",4.43915450323145,1721944800,"Media Pot. Idr. Giornaliera"
"AGRISOL","AZ. AGR. ANCARANI BIAGIO","Fondo Ancarani 2024","T1","T1 alto",4.396149,1721944800,"Media Pot. Idr. Ottimale"
"AGRISOL","AZ. AGR. ANCARANI BIAGIO","Fondo Ancarani 2024","T1","T1 alto",4.396149,1721858400,"Media Pot. Idr. Ottimale"
"AGRISOL","AZ. AGR. ANCARANI BIAGIO","Fondo Ancarani 2024","T1","T1 alto",4.41096690352672,1721858400,"Media Pot. Idr. Giornaliera"
"AGRISOL","AZ. AGR. ANCARANI BIAGIO","Fondo Ancarani 2024","T1","T1 alto",4.396149,1721772000,"Media Pot. Idr. Ottimale"
"AGRISOL","AZ. AGR. ANCARANI BIAGIO","Fondo Ancarani 2024","T1","T1 alto",4.40519561015404,1721772000,"Media Pot. Idr. Giornaliera"
"AGRISOL","AZ. AGR. ANCARANI BIAGIO","Fondo Ancarani 2024","T1","T1 alto",4.396149,1721685600,"Media Pot. Idr. Ottimale"
"AGRISOL","AZ. AGR. ANCARANI BIAGIO","Fondo Ancarani 2024","T1","T1 alto",4.46579982469515,1721685600,"Media Pot. Idr. Giornaliera"
"AGRISOL","AZ. AGR. ANCARANI BIAGIO","Fondo Ancarani 2024","T1","T1 alto",4.396149,1721599200,"Media Pot. Idr. Ottimale"
"AGRISOL","AZ. AGR. ANCARANI BIAGIO","Fondo Ancarani 2024","T1","T1 alto",4.46322666394842,1721599200,"Media Pot. Idr. Giornaliera"
"AGRISOL","AZ. AGR. ANCARANI BIAGIO","Fondo Ancarani 2024","T1","T1 alto",4.396149,1721512800,"Media Pot. Idr. Ottimale"
"AGRISOL","AZ. AGR. ANCARANI BIAGIO","Fondo Ancarani 2024","T1","T1 alto",4.48604770929623,1721512800,"Media Pot. Idr. Giornaliera"
"AGRISOL","AZ. AGR. ANCARANI BIAGIO","Fondo Ancarani 2024","T1","T1 alto",4.396149,1721426400,"Media Pot. Idr. Ottimale"
"AGRISOL","AZ. AGR. ANCARANI BIAGIO","Fondo Ancarani 2024","T1","T1 alto",4.09792178101001,1721426400,"Media Pot. Idr. Giornaliera"
"AGRISOL","AZ. AGR. ANCARANI BIAGIO","Fondo Ancarani 2024","T1","T1 alto",4.396149,1721340000,"Media Pot. Idr. Ottimale"
"AGRISOL","AZ. AGR. ANCARANI BIAGIO","Fondo Ancarani 2024","T1","T1 alto",4.21612919006434,1721340000,"Media Pot. Idr. Giornaliera"
"AGRISOL","AZ. AGR. ANCARANI BIAGIO","Fondo Ancarani 2024","T1","T1 alto",4.2452077753613,1721253600,"Media Pot. Idr. Giornaliera"
"AGRISOL","AZ. AGR. ANCARANI BIAGIO","Fondo Ancarani 2024","T1","T1 alto",4.396149,1721253600,"Media Pot. Idr. Ottimale"
"AGRISOL","AZ. AGR. ANCARANI BIAGIO","Fondo Ancarani 2024","T1","T1 alto",4.59744950832038,1721167200,"Media Pot. Idr. Giornaliera"
"AGRISOL","AZ. AGR. ANCARANI BIAGIO","Fondo Ancarani 2024","T1","T1 alto",4.396149,1721167200,"Media Pot. Idr. Ottimale"
"AGRISOL","AZ. AGR. ANCARANI BIAGIO","Fondo Ancarani 2024","T1","T1 alto",4.396149,1721080800,"Media Pot. Idr. Ottimale"
"AGRISOL","AZ. AGR. ANCARANI BIAGIO","Fondo Ancarani 2024","T1","T1 alto",4.48488506396855,1721080800,"Media Pot. Idr. Giornaliera"
"AGRISOL","AZ. AGR. ANCARANI BIAGIO","Fondo Ancarani 2024","T1","T1 alto",4.396149,1720994400,"Media Pot. Idr. Ottimale"
"AGRISOL","AZ. AGR. ANCARANI BIAGIO","Fondo Ancarani 2024","T1","T1 alto",4.39869653500608,1720994400,"Media Pot. Idr. Giornaliera"
"AGRISOL","AZ. AGR. ANCARANI BIAGIO","Fondo Ancarani 2024","T1","T1 alto",4.37480546180678,1720908000,"Media Pot. Idr. Giornaliera"
"AGRISOL","AZ. AGR. ANCARANI BIAGIO","Fondo Ancarani 2024","T1","T1 alto",4.396149,1720908000,"Media Pot. Idr. Ottimale"
"AGRISOL","AZ. AGR. ANCARANI BIAGIO","Fondo Ancarani 2024","T1","T1 alto",4.41929232812545,1720821600,"Media Pot. Idr. Giornaliera"
"AGRISOL","AZ. AGR. ANCARANI BIAGIO","Fondo Ancarani 2024","T1","T1 alto",4.396149,1720821600,"Media Pot. Idr. Ottimale"
"AGRISOL","AZ. AGR. ANCARANI BIAGIO","Fondo Ancarani 2024","T1","T1 alto",4.4817495608434,1720735200,"Media Pot. Idr. Giornaliera"
"AGRISOL","AZ. AGR. ANCARANI BIAGIO","Fondo Ancarani 2024","T1","T1 alto",4.396149,1720735200,"Media Pot. Idr. Ottimale"
"AGRISOL","AZ. AGR. ANCARANI BIAGIO","Fondo Ancarani 2024","T1","T1 alto",4.396149,1720648800,"Media Pot. Idr. Ottimale"
"AGRISOL","AZ. AGR. ANCARANI BIAGIO","Fondo Ancarani 2024","T1","T1 alto",4.51074116468053,1720648800,"Media Pot. Idr. Giornaliera"
"AGRISOL","AZ. AGR. ANCARANI BIAGIO","Fondo Ancarani 2024","T1","T1 alto",4.52737033852315,1720562400,"Media Pot. Idr. Giornaliera"
"AGRISOL","AZ. AGR. ANCARANI BIAGIO","Fondo Ancarani 2024","T1","T1 alto",4.396149,1720562400,"Media Pot. Idr. Ottimale"
"AGRISOL","AZ. AGR. ANCARANI BIAGIO","Fondo Ancarani 2024","T1","T1 alto",4.51422014438835,1720476000,"Media Pot. Idr. Giornaliera"
"AGRISOL","AZ. AGR. ANCARANI BIAGIO","Fondo Ancarani 2024","T1","T1 alto",4.396149,1720476000,"Media Pot. Idr. Ottimale"
"AGRISOL","AZ. AGR. ANCARANI BIAGIO","Fondo Ancarani 2024","T1","T1 alto",4.36655998667582,1720389600,"Media Pot. Idr. Giornaliera"
"AGRISOL","AZ. AGR. ANCARANI BIAGIO","Fondo Ancarani 2024","T1","T1 alto",4.396149,1720389600,"Media Pot. Idr. Ottimale"
"AGRISOL","AZ. AGR. ANCARANI BIAGIO","Fondo Ancarani 2024","T1","T1 alto",4.396149,1720303200,"Media Pot. Idr. Ottimale"
"AGRISOL","AZ. AGR. ANCARANI BIAGIO","Fondo Ancarani 2024","T1","T1 alto",4.3556136068627,1720303200,"Media Pot. Idr. Giornaliera"
"AGRISOL","AZ. AGR. ANCARANI BIAGIO","Fondo Ancarani 2024","T1","T1 alto",4.396149,1720216800,"Media Pot. Idr. Ottimale"
"AGRISOL","AZ. AGR. ANCARANI BIAGIO","Fondo Ancarani 2024","T1","T1 alto",4.38746923132309,1720216800,"Media Pot. Idr. Giornaliera"
"AGRISOL","AZ. AGR. ANCARANI BIAGIO","Fondo Ancarani 2024","T1","T1 alto",4.89347672136185,1720130400,"Media Pot. Idr. Giornaliera"
"AGRISOL","AZ. AGR. ANCARANI BIAGIO","Fondo Ancarani 2024","T1","T1 alto",4.396149,1720130400,"Media Pot. Idr. Ottimale"
"AGRISOL","AZ. AGR. ANCARANI BIAGIO","Fondo Ancarani 2024","T1","T1 alto",4.396149,1720044000,"Media Pot. Idr. Ottimale"
"AGRISOL","AZ. AGR. ANCARANI BIAGIO","Fondo Ancarani 2024","T1","T1 alto",4.772710370195,1720044000,"Media Pot. Idr. Giornaliera"
"AGRISOL","AZ. AGR. ANCARANI BIAGIO","Fondo Ancarani 2024","T1","T1 alto",1.799092,1719957600,"Media Pot. Idr. Ottimale"
"AGRISOL","AZ. AGR. ANCARANI BIAGIO","Fondo Ancarani 2024","T1","T1 alto",1.78777054310001,1719957600,"Media Pot. Idr. Giornaliera"
"AGRISOL","AZ. AGR. ANCARANI BIAGIO","Fondo Ancarani 2024","T1","T1 alto",1.799092,1719871200,"Media Pot. Idr. Ottimale"
"AGRISOL","AZ. AGR. ANCARANI BIAGIO","Fondo Ancarani 2024","T1","T1 alto",2.00430011912153,1719871200,"Media Pot. Idr. Giornaliera"
"AGRISOL","AZ. AGR. ANCARANI BIAGIO","Fondo Ancarani 2024","T1","T1 alto",1.799092,1719784800,"Media Pot. Idr. Ottimale"
"AGRISOL","AZ. AGR. ANCARANI BIAGIO","Fondo Ancarani 2024","T1","T1 alto",1.67359677058627,1719698400,"Media Pot. Idr. Giornaliera"
"AGRISOL","AZ. AGR. ANCARANI BIAGIO","Fondo Ancarani 2024","T1","T1 alto",1.799092,1719698400,"Media Pot. Idr. Ottimale"
"AGRISOL","AZ. AGR. ANCARANI BIAGIO","Fondo Ancarani 2024","T1","T1 alto",2.1704417173752,1719612000,"Media Pot. Idr. Giornaliera"
"AGRISOL","AZ. AGR. ANCARANI BIAGIO","Fondo Ancarani 2024","T1","T1 alto",1.799092,1719612000,"Media Pot. Idr. Ottimale"
"AGRISOL","AZ. AGR. ANCARANI BIAGIO","Fondo Ancarani 2024","T1","T1 alto",1.89407798983593,1719525600,"Media Pot. Idr. Giornaliera"
"AGRISOL","AZ. AGR. ANCARANI BIAGIO","Fondo Ancarani 2024","T1","T1 alto",1.799092,1719525600,"Media Pot. Idr. Ottimale"
"AGRISOL","AZ. AGR. ANCARANI BIAGIO","Fondo Ancarani 2024","T1","T1 alto",1.799092,1719439200,"Media Pot. Idr. Ottimale"
"AGRISOL","AZ. AGR. ANCARANI BIAGIO","Fondo Ancarani 2024","T1","T1 alto",1.75703455632581,1719439200,"Media Pot. Idr. Giornaliera"
"AGRISOL","AZ. AGR. ANCARANI BIAGIO","Fondo Ancarani 2024","T1","T1 alto",1.799092,1719352800,"Media Pot. Idr. Ottimale"
"AGRISOL","AZ. AGR. ANCARANI BIAGIO","Fondo Ancarani 2024","T1","T1 alto",1.71442713341665,1719352800,"Media Pot. Idr. Giornaliera"
"AGRISOL","AZ. AGR. ANCARANI BIAGIO","Fondo Ancarani 2024","T1","T1 alto",1.799092,1719266400,"Media Pot. Idr. Ottimale"
"AGRISOL","AZ. AGR. ANCARANI BIAGIO","Fondo Ancarani 2024","T1","T1 alto",1.68818635827429,1719266400,"Media Pot. Idr. Giornaliera"
"AGRISOL","AZ. AGR. ANCARANI BIAGIO","Fondo Ancarani 2024","T1","T1 alto",1.70310975221191,1719180000,"Media Pot. Idr. Giornaliera"
"AGRISOL","AZ. AGR. ANCARANI BIAGIO","Fondo Ancarani 2024","T1","T1 alto",1.799092,1719180000,"Media Pot. Idr. Ottimale"
"AGRISOL","AZ. AGR. ANCARANI BIAGIO","Fondo Ancarani 2024","T1","T1 alto",1.88133789007728,1719093600,"Media Pot. Idr. Giornaliera"
"AGRISOL","AZ. AGR. ANCARANI BIAGIO","Fondo Ancarani 2024","T1","T1 alto",1.799092,1719093600,"Media Pot. Idr. Ottimale"
"AGRISOL","AZ. AGR. ANCARANI BIAGIO","Fondo Ancarani 2024","T1","T1 alto",1.799092,1719007200,"Media Pot. Idr. Ottimale"
"AGRISOL","AZ. AGR. ANCARANI BIAGIO","Fondo Ancarani 2024","T1","T1 alto",1.88448332820285,1719007200,"Media Pot. Idr. Giornaliera"
"AGRISOL","AZ. AGR. ANCARANI BIAGIO","Fondo Ancarani 2024","T1","T1 alto",1.88609469578962,1718920800,"Media Pot. Idr. Giornaliera"
"AGRISOL","AZ. AGR. ANCARANI BIAGIO","Fondo Ancarani 2024","T1","T1 alto",1.799092,1718920800,"Media Pot. Idr. Ottimale"
"AGRISOL","AZ. AGR. ANCARANI BIAGIO","Fondo Ancarani 2024","T1","T1 alto",1.799092,1718834400,"Media Pot. Idr. Ottimale"
"AGRISOL","AZ. AGR. ANCARANI BIAGIO","Fondo Ancarani 2024","T1","T1 alto",1.90578845480438,1718834400,"Media Pot. Idr. Giornaliera"
"AGRISOL","AZ. AGR. ANCARANI BIAGIO","Fondo Ancarani 2024","T1","T1 alto",1.87708292509961,1718748000,"Media Pot. Idr. Giornaliera"
"AGRISOL","AZ. AGR. ANCARANI BIAGIO","Fondo Ancarani 2024","T1","T1 alto",1.799092,1718748000,"Media Pot. Idr. Ottimale"
"AGRISOL","AZ. AGR. ANCARANI BIAGIO","Fondo Ancarani 2024","T1","T1 alto",1.80876477831683,1718661600,"Media Pot. Idr. Giornaliera"
"AGRISOL","AZ. AGR. ANCARANI BIAGIO","Fondo Ancarani 2024","T1","T1 alto",1.799092,1718661600,"Media Pot. Idr. Ottimale"
"AGRISOL","AZ. AGR. ANCARANI BIAGIO","Fondo Ancarani 2024","T1","T1 alto",1.799092,1718575200,"Media Pot. Idr. Ottimale"
"AGRISOL","AZ. AGR. ANCARANI BIAGIO","Fondo Ancarani 2024","T1","T1 alto",2.16290780055539,1718575200,"Media Pot. Idr. Giornaliera"
"AGRISOL","AZ. AGR. ANCARANI BIAGIO","Fondo Ancarani 2024","T1","T1 alto",1.799092,1718488800,"Media Pot. Idr. Ottimale"
"AGRISOL","AZ. AGR. ANCARANI BIAGIO","Fondo Ancarani 2024","T1","T1 alto",2.03037836582047,1718488800,"Media Pot. Idr. Giornaliera"
"AGRISOL","AZ. AGR. ANCARANI BIAGIO","Fondo Ancarani 2024","T1","T1 alto",1.98386197866625,1718402400,"Media Pot. Idr. Giornaliera"
"AGRISOL","AZ. AGR. ANCARANI BIAGIO","Fondo Ancarani 2024","T1","T1 alto",1.799092,1718402400,"Media Pot. Idr. Ottimale"
"AGRISOL","AZ. AGR. ANCARANI BIAGIO","Fondo Ancarani 2024","T1","T1 alto",1.799092,1718316000,"Media Pot. Idr. Ottimale"
"AGRISOL","AZ. AGR. ANCARANI BIAGIO","Fondo Ancarani 2024","T1","T1 alto",1.93492295024107,1718316000,"Media Pot. Idr. Giornaliera"
"AGRISOL","AZ. AGR. ANCARANI BIAGIO","Fondo Ancarani 2024","T1","T1 alto",1.93487175664699,1718229600,"Media Pot. Idr. Giornaliera"
"AGRISOL","AZ. AGR. ANCARANI BIAGIO","Fondo Ancarani 2024","T1","T1 alto",1.799092,1718229600,"Media Pot. Idr. Ottimale"
"AGRISOL","AZ. AGR. ANCARANI BIAGIO","Fondo Ancarani 2024","T1","T1 alto",1.799092,1718143200,"Media Pot. Idr. Ottimale"
"AGRISOL","AZ. AGR. ANCARANI BIAGIO","Fondo Ancarani 2024","T1","T1 alto",1.92013834198499,1718143200,"Media Pot. Idr. Giornaliera"
"AGRISOL","AZ. AGR. ANCARANI BIAGIO","Fondo Ancarani 2024","T1","T1 alto",1.80950876908932,1718056800,"Media Pot. Idr. Giornaliera"
"AGRISOL","AZ. AGR. ANCARANI BIAGIO","Fondo Ancarani 2024","T1","T1 alto",1.799092,1718056800,"Media Pot. Idr. Ottimale"
"AGRISOL","AZ. AGR. ANCARANI BIAGIO","Fondo Ancarani 2024","T1","T1 alto",1.799092,1717970400,"Media Pot. Idr. Ottimale"
"AGRISOL","AZ. AGR. ANCARANI BIAGIO","Fondo Ancarani 2024","T1","T1 alto",1.73316472991078,1717970400,"Media Pot. Idr. Giornaliera"
"AGRISOL","AZ. AGR. ANCARANI BIAGIO","Fondo Ancarani 2024","T1","T1 alto",1.799092,1717884000,"Media Pot. Idr. Ottimale"
"AGRISOL","AZ. AGR. ANCARANI BIAGIO","Fondo Ancarani 2024","T1","T1 alto",1.69527893924922,1717884000,"Media Pot. Idr. Giornaliera"
"AGRISOL","AZ. AGR. ANCARANI BIAGIO","Fondo Ancarani 2024","T1","T1 alto",1.69692902070929,1717797600,"Media Pot. Idr. Giornaliera"
"AGRISOL","AZ. AGR. ANCARANI BIAGIO","Fondo Ancarani 2024","T1","T1 alto",1.799092,1717797600,"Media Pot. Idr. Ottimale"
"AGRISOL","AZ. AGR. ANCARANI BIAGIO","Fondo Ancarani 2024","T1","T1 alto",1.54749678838885,1717711200,"Media Pot. Idr. Giornaliera"
"AGRISOL","AZ. AGR. ANCARANI BIAGIO","Fondo Ancarani 2024","T1","T1 alto",1.799092,1717711200,"Media Pot. Idr. Ottimale"
"AGRISOL","AZ. AGR. ANCARANI BIAGIO","Fondo Ancarani 2024","T1","T1 alto",1.52410666126553,1717624800,"Media Pot. Idr. Giornaliera"
"AGRISOL","AZ. AGR. ANCARANI BIAGIO","Fondo Ancarani 2024","T1","T1 alto",1.799092,1717624800,"Media Pot. Idr. Ottimale"
